"Timestamp","Gender","How old are you?","Do you shop vintage/second hand items online? ","If yes, with what service?","Why do you choose to shop vintage/secondhand items?","Do you shop online by using ...?","Overall, What do you think about the Vintage online shopping service?","How often do you shop vintage online?","What features or cataloguing would you like to see when shopping online?","How much do you pay attention to/ care about your style?","How would you rate your dress sense?","Do you use external inspiration to buy clothes or wear your outfits?","Where do you find this inspiration?","How difficult is it for you to find matching clothes of your style?","What do you think if we make mix and match service to help you find your more new favorite vintage items from the platform that you use (i.e. Vinted), Would that be great for you?","What should be the important criteria?","How do you think the services should be like? Which features/functionalities should it offer so that you will use it?","Do you have any additional comment?","In general, What make you shop online?","For Online shopping in general, What do you like about it?","For Online shopping in general, What do you dislike?","What do you think should be there?","Do you prioritise customers rating or comment in making decisions on what you shop online?","Would you trust the services in term of payment/security?"
"2021/12/16 1:26:32 PM GMT+1","Male","25-35 years old","Yes","Vinted","the only one i know of, its hard to find them online","Website","5","6","its a hassle to find clothes that i like/fit/price","4","6","","Instagram","10","great","Your existing wardrobe;Budget range","maybe like tinder","","Convenience;Availibility of choices;To avoid the crowd","you can find some nice items","its a hassle to find clothes that i like/fit/price","tailored choices","None of them","Yes"
"2021/12/21 2:29:12 PM GMT+1","Male","25-34 years old","No","","","Website;Smartphone Apps","4","1","","7","6","Yes","","3","I dont know, Maybe if friends like it i will try it.","Your existing wardrobe;Budget range;Your fev. items in the account/History","","","Convenience;Availibility of choices;To avoid the crowd","Possible whenever and whereever you want to","No real wardrobe","","Comment section","8"
"2021/12/21 2:43:09 PM GMT+1","Female","25-34 years old","No","","Sustainability concern;Uniqueness of the items","Website","","1","","6","6","No","","4","Probably not useful for me.","Your existing wardrobe","","","I don't shop online for clothing","Convenience","Don't know how clothes fit","","Both of them",""
"2021/12/21 2:51:08 PM GMT+1","Male","25-34 years old","No","","Sustainability concern","Smartphone Apps","7","5","Material, year, state filters","10","8","Yes","Pinterest;Instagram","7","I would Love it.","Your existing wardrobe;Budget range","Diferent payment methods, try and return policies, shipping.","","Availibility of choices;To avoid the crowd","Convenience, options","Getting the wrong size or not intended purpose.","","Comment section","8"
"2021/12/21 3:15:11 PM GMT+1","Male","25-34 years old","Yes","Vinted","Price difference;Sustainability concern;Uniqueness of the items","Smartphone Apps","9","5","","7","6","Yes","Pinterest;Instagram;Google Search, GQ website, Movies (House of Gucci ;))","7","I would Love it.","I don't know how I would tell the app 'my style'. I guess it would be important that I see 'my style' represented in that app.","Easy, visual way of inputting 'my style' and then a joyful way of browsing and getting inspiration. Perhaps a Tinder-like interaction where I can say ""I like this"", ""I don't like that"" which will improve my recommendations.","","Convenience;Availibility of choices;To avoid the crowd;price ","-","Supporting large corporates instead of small businesses.","","Customer Ratings","10"
"2021/12/21 3:29:55 PM GMT+1","Female","25-34 years old","Yes","Vinted","Sustainability concern;Uniqueness of the items","Smartphone Apps","7","4","","9","8","Yes","Instagram;I get inspired on my own","2","I will try it.","Your existing wardrobe","","","Availibility of choices","For second hand shopping to search for a specific item instead of browsing a big sop","not able to feel the clothes and assess quality properly","","Both of them","8"
"2021/12/21 4:04:14 PM GMT+1","Female","25-34 years old","No","","Price difference;Sustainability concern;Uniqueness of the items","Website;Smartphone Apps","6","1","Virtual model","6","6","Yes","Instagram;I get inspired on my own","8","I would Love it.","Your existing wardrobe;Budget range;Your fev. items in the account/History","","","Convenience;Availibility of choices","Lots of choice","I cant try the products. Even with free return I think it is such a waste to send it back & forth","","Comment section","7"
"2021/12/21 5:01:52 PM GMT+1","Female","35-44 years old","Yes","Vinted;Kleine anzeige , fb marketplace","Price difference;Sustainability concern","Website;Smartphone Apps","5","2","","8","10","No","I get inspired on my own","9","Probably not useful for me.","Your existing wardrobe;Budget range;Your fev. items in the account/History","That's your job ;)","","Convenience;Availibility of choices;To avoid the crowd;COVID","Finding things I don't find in stores","Not being able to try things, shipping cost, custom taxes","","Both of them","6"
"2021/12/21 6:33:53 PM GMT+1","Male","25-34 years old","Yes","ebay-Kleinanzeigen ","Price difference;Sustainability concern","Website","4","2","","9","8","No","","9","I dont know, Maybe if friends like it i will try it.","Your fev. items in the account/History","","","Availibility of choices;To avoid the crowd;Eco-friendly and suistainable, fair fashion is hard to find in regular shopping centers or streets. Online I can visit dedicated shops.","Eco-friendly and suistainable, fair fashion is hard to find in regular shopping centers or streets. Online I can visit dedicated shops."," ","","None of them","9"
"2021/12/22 10:54:40 AM GMT+1","Female","25-34 years old","No","","","Website","8","8","-","8","9","No","","9","I would Love it.","Budget range","Information about the different style, how as test first for know what is My style and next to this information about this speccifical style ","No","Convenience","Discounts","Can not try the things","","Customer Ratings","10"
"2021/12/22 10:54:43 AM GMT+1","Female","15-24 years old","No","","","Website","5","1","","8","6","Yes","Instagram;I get inspired on my own","8","I dont know, Maybe if friends like it i will try it.","Budget range","","","Availibility of choices","I can find everything online, when I go shopping there isn’t always what I’m looking for","I can’t see how clothes really are","","Both of them","7"
"2021/12/22 11:00:02 AM GMT+1","Male","15-24 years old","No","","Price difference","Website","7","7","","8","5","Yes","","6","I will try it.","Budget range","","","Convenience","Collection ","Network problem ","","Both of them","7"
"2021/12/22 11:24:20 AM GMT+1","Female","15-24 years old","No","","Price difference","Website;Smartphone Apps","5","2","","7","8","Yes","Instagram","7","I will try it.","Budget range","","","Convenience;Availibility of choices","Convinience","Measures, constrating with te reality","","Both of them","8"
"2021/12/22 12:26:48 PM GMT+1","Female","25-34 years old","Yes","HUMANA","Sustainability concern","Website","8","4","Jackets","9","9","Yes","Pinterest","6","I will try it.","Your existing wardrobe","-","No","Availibility of choices","Lots of choices","Non availablility of product","-","Customer Ratings","8"
"2021/12/22 1:06:37 PM GMT+1","Male","25-34 years old","No","","Price difference;Uniqueness of the items","Website;Smartphone Apps","7","5","Material Quality, Design","9","8","Yes","I get inspired on my own","1","I will try it.","Budget range;Your fev. items in the account/History","","","Convenience;Availibility of choices","Time saving","Unavailability of certain Products","More stocks for most selling items
","Both of them","8"
"2021/12/22 1:59:41 PM GMT+1","Female","15-24 years old","Yes","DEPOP","Uniqueness of the items","Website;Smartphone Apps","8","3","","10","10","Yes","Instagram","10","I will try it.","Your existing wardrobe","","","Availibility of choices;To avoid the crowd","Many choices","Lack of pictures of the product","","","9"
"2021/12/22 2:07:27 PM GMT+1","Female","25-34 years old","Yes","Vinted;ABOUT YOU","Price difference;Sustainability concern","Website;Smartphone Apps","8","5","","8","8","Yes","Pinterest;Instagram;I get inspired on my own","5","I will try it.","Your existing wardrobe;Your fev. items in the account/History","Good filters; customer-friendly design (- easy handling, e.g. “About you” is BAD); good pictures and descriptions of items; suggestions for similar items if my size/color etc is not available","","Convenience;Availibility of choices;To avoid the crowd;COVID","Availability of my size/ item I am looking for  (or notification, if not); easy ordering; inspiration","Not sustainable (lots of waste); returning the items I don’t like; not to be able to see and “feel” the item (sometimes it’s bad quality, or weird sizing) -> item descriptions aren’t too helpful","","Both of them","7"
"2021/12/22 4:32:49 PM GMT+1","Female","25-34 years old","No","","","Smartphone Apps","8","1","","9","9","Yes","I get inspired on my own","3","I will try it.","Your existing wardrobe;Budget range","","","Availibility of choices","Convenient ","You have to guess the fit","A fitting avatar","Both of them","8"
"2021/12/22 7:13:24 PM GMT+1","Male","25-34 years old","No","","","Website;Smartphone Apps","5","7","Quality assurance of the items sold","9","8","Yes","Watching others in the environment","9","I dont know, Maybe if friends like it i will try it.","Budget range;Your fev. items in the account/History","Affordable prices but quality products","","Convenience;Availibility of choices","Some are fast and easy","Quality may fail","Products that aren't fake","Comment section","8"
"2021/12/22 7:44:36 PM GMT+1","Male","25-34 years old","Yes","Amazon, Ebay ","Price difference","Smartphone Apps","8","4","","10","9","Yes","Instagram;I get inspired on my own","7","I dont know, Maybe if friends like it i will try it.","Budget range","Quality and affordable items ","","Convenience","Easy and saves time","Some deceptive pictures sometimes ","","Both of them","8"
"2021/12/22 7:47:22 PM GMT+1","Female","25-34 years old","No","","","Smartphone Apps","1","1","","9","8","Yes","Pinterest;Catalogues","3","I will try it.","Your existing wardrobe;Budget range","Return policy should be made very flexible in terms of satisfaction","","To avoid the crowd;COVID","Online shopping for Food is fine, but for clothes/fashion I won't recommend online shopping","Rarely, does item match description. ","Estimated sizes, and pictorial description on how shoppers can take their body measurements","Both of them","5"
"2021/12/22 11:23:55 PM GMT+1","Male","25-34 years old","Yes","Amazon ","Price difference","Smartphone Apps","10","5","Electronic ","7","10","No","I get inspired on my own","2","I will try it.","Budget range","Nothing in particular ","No","Convenience","Flexible and convenient ","Too many sub sections ","Direct link","Both of them","6"
"2021/12/23 5:35:22 AM GMT+1","Male","35-44 years old","No","","","Website","8","2","Product reviews ","5","5","No","I get inspired on my own","4","I would Love it.","Budget range","","","Convenience","Varieties ","Refund policy","Substandard products should be refund without hassles","Customer Ratings","8"
"2021/12/23 12:32:50 PM GMT+1","Male","45-54 years old","Yes","Goodwill","Price difference;Uniqueness of the items","in-person","5","1","the year of clothing style or period","8","10","No","I get inspired on my own","1","I would try it, but dont particularly need it.","Budget range;Your fev. items in the account/History;What is fev.? Fever??","Choices and style in which the clothing is from or the history of the brand or something interesting.","Looking forward in seeing what you are about to come with","Convenience;Availibility of choices;To avoid the crowd","I already answer from above questions","customer service","customer service or ask a stylist, which can help you with question and choices in what to wear if you are going to a function, e.g. party, dinner or date or what-not.","None of them","7"
"2021/12/23 1:04:15 PM GMT+1","Female","25-34 years old","Yes","HUMANA","Price difference;Uniqueness of the items","Website","7","5","My size. I am quite tall","6","7","Yes","Friends and family","4","I would Love it.","Budget range","Clothes for taller people","","Convenience","Convenient ","Can’t try the clothes on","","Both of them","8"
"2021/12/23 1:33:01 PM GMT+1","Male","25-34 years old","Yes","ebay","Price difference","Website;Smartphone Apps","7","8","","9","9","Yes","Pinterest;Instagram","8","I would Love it.","Budget range;Your fev. items in the account/History","","","Convenience;Availibility of choices","Choices","Time consuming","","Both of them","10"
"2021/12/23 1:45:51 PM GMT+1","Female","25-34 years old","No","","","Website;Smartphone Apps","4","1","proper size","8","10","Yes","I get inspired on my own","6","I will try it.","Your existing wardrobe;Your fev. items in the account/History","","","Convenience;To avoid the crowd;COVID","convenient","excessive package","","Both of them","9"
"2021/12/23 7:43:19 PM GMT+1","Male","25-34 years old","No","Vinted;ABOUT YOU","Sustainability concern","Smartphone Apps","7","3","Tailor Made Suggestions based on my previous searches and purchases ","6","6","No","I get inspired on my own","4","I will try it.","Your existing wardrobe;Budget range","Easy to use","","Convenience","Fast and easy","Too Many different clothes","","Both of them","7"
"2021/12/23 7:53:28 PM GMT+1","Female","35-44 years old","Yes","Vinted","Price difference;Sustainability concern","Website;Smartphone Apps","7","5","","5","5","No","I get inspired on my own","5","I will try it.","Your existing wardrobe","","","Convenience","EASY","DOES NOT HAVE ENOUGH QUALITY PHOTOS","0","Both of them","5"
"2021/12/23 8:21:27 PM GMT+1","Female","25-34 years old","No","","","Website","6","1","","7","7","No","Instagram","5","Probably not useful for me.","Budget range","","","Convenience","It is convenient","You do not get the size you want","","None of them","5"
"2021/12/23 8:32:25 PM GMT+1","Female","25-34 years old","Yes","Vinted;momox fashion","Price difference;Sustainability concern","Smartphone Apps","9","5","","8","9","Yes","Instagram;I get inspired on my own;Friends","1","Probably not useful for me.","Your existing wardrobe;Your fev. items in the account/History","Good and intuitive usability of Website/App, easy to find things ","","Availibility of choices","It saves time, no stress, usually larger range","Sometimes it doesn‘t look like on the pictures and I wouldn‘t buy it in the first place when I would have seen it in a store","","Comment section","8"
"2021/12/24 2:59:43 PM GMT+1","Male","25-34 years old","No","","Price difference","Website","8","2","","3","5","No","","4","I dont know, Maybe if friends like it i will try it.","Budget range","","","Availibility of choices;To avoid the crowd","Better than brick and mortar. Don't buy much.","Co2","","Comment section","9"
"2021/12/28 8:43:33 PM GMT+1","Female","15-24 years old","Yes","Thred Up","Price difference;Sustainability concern","Website;Smartphone Apps","8","4","Better photos of clothing","7","4","Yes","Pinterest;Instagram","8","I will try it.","Budget range","Ability to select different styles and find clothing in those categories","No","Convenience;To avoid the crowd","You can see all the options available to you","You can’t see how the clothes will look/fit you","","Both of them","8"